nearest_intersection,minute_15,avg_maids,total_maids,n_days
condongcatur,0,1.28,23,18
condongcatur,1,1.13,26,23
condongcatur,2,1.08,13,12
condongcatur,3,1.17,14,12
condongcatur,4,1.29,9,7
condongcatur,5,1.0,5,5
condongcatur,6,1.3,13,10
condongcatur,7,1.57,11,7
condongcatur,8,1.0,8,8
condongcatur,9,1.5,9,6
condongcatur,10,1.12,9,8
condongcatur,11,1.33,8,6
condongcatur,12,1.25,5,4
condongcatur,13,1.33,4,3
condongcatur,14,1.0,6,6
condongcatur,15,1.0,2,2
condongcatur,17,1.12,9,8
condongcatur,18,1.14,8,7
condongcatur,19,1.1,11,10
condongcatur,20,1.5,6,4
condongcatur,21,1.43,10,7
condongcatur,22,1.08,14,13
condongcatur,23,1.35,23,17
condongcatur,24,1.4,21,15
condongcatur,25,1.33,36,27
condongcatur,26,1.68,57,34
condongcatur,27,1.45,55,38
condongcatur,28,1.62,26,16
condongcatur,29,2.0,90,45
condongcatur,30,3.17,149,47
condongcatur,31,2.64,132,50
condongcatur,32,1.98,83,42
condongcatur,33,2.43,107,44
condongcatur,34,2.16,110,51
condongcatur,35,3.42,164,48
condongcatur,36,2.36,106,45
condongcatur,37,2.4,101,42
condongcatur,38,2.91,154,53
condongcatur,39,2.8,154,55
condongcatur,40,2.59,140,54
condongcatur,41,3.44,189,55
condongcatur,42,3.89,218,56
condongcatur,43,3.67,209,57
condongcatur,44,4.02,245,61
condongcatur,45,3.92,247,63
condongcatur,46,4.0,252,63
condongcatur,47,4.56,278,61
condongcatur,48,4.04,218,54
condongcatur,49,3.6,198,55
condongcatur,50,4.5,252,56
condongcatur,51,3.59,212,59
condongcatur,52,4.2,248,59
condongcatur,53,4.23,237,56
condongcatur,54,4.75,304,64
condongcatur,55,4.36,266,61
condongcatur,56,4.93,281,57
condongcatur,57,4.41,260,59
condongcatur,58,4.07,232,57
condongcatur,59,4.13,227,55
condongcatur,60,4.27,252,59
condongcatur,61,3.81,217,57
condongcatur,62,4.17,246,59
condongcatur,63,5.07,279,55
condongcatur,64,4.19,247,59
condongcatur,65,4.39,224,51
condongcatur,66,4.88,278,57
condongcatur,67,4.25,234,55
condongcatur,68,4.03,238,59
condongcatur,69,3.68,217,59
condongcatur,70,4.18,234,56
condongcatur,71,3.68,206,56
condongcatur,72,3.29,168,51
condongcatur,73,2.73,139,51
condongcatur,74,2.47,126,51
condongcatur,75,2.25,117,52
condongcatur,76,2.8,137,49
condongcatur,77,2.85,111,39
condongcatur,78,2.6,117,45
condongcatur,79,2.24,94,42
condongcatur,80,2.02,103,51
condongcatur,81,2.4,101,42
condongcatur,82,2.11,99,47
condongcatur,83,2.6,112,43
condongcatur,84,1.94,95,49
condongcatur,85,2.02,89,44
condongcatur,86,1.98,89,45
condongcatur,87,1.41,52,37
condongcatur,88,1.73,45,26
condongcatur,89,1.52,41,27
condongcatur,90,1.48,46,31
condongcatur,91,1.52,35,23
condongcatur,92,1.45,32,22
condongcatur,93,1.26,34,27
condongcatur,94,1.24,26,21
condongcatur,95,1.31,21,16
jombor,0,1.0,4,4
jombor,1,1.17,7,6
jombor,2,1.5,12,8
jombor,3,1.43,10,7
jombor,4,1.0,4,4
jombor,5,1.33,4,3
jombor,6,1.5,6,4
jombor,7,1.25,5,4
jombor,8,2.33,7,3
jombor,9,1.0,4,4
jombor,10,1.25,5,4
jombor,11,1.5,3,2
jombor,12,1.0,3,3
jombor,13,1.5,3,2
jombor,14,1.17,7,6
jombor,15,1.0,2,2
jombor,16,1.0,1,1
jombor,17,1.0,1,1
jombor,18,1.25,5,4
jombor,19,1.33,4,3
jombor,20,1.0,4,4
jombor,21,1.0,9,9
jombor,22,1.08,14,13
jombor,23,1.24,21,17
jombor,24,1.2,12,10
jombor,25,1.25,20,16
jombor,26,1.14,32,28
jombor,27,1.25,25,20
jombor,28,1.2,6,5
jombor,29,1.88,45,24
jombor,30,1.67,60,36
jombor,31,1.65,38,23
jombor,32,1.74,61,35
jombor,33,1.75,42,24
jombor,34,1.91,61,32
jombor,35,2.03,69,34
jombor,36,1.72,62,36
jombor,37,1.78,71,40
jombor,38,1.69,66,39
jombor,39,1.95,80,41
jombor,40,1.76,79,45
jombor,41,1.98,79,40
jombor,42,2.16,106,49
jombor,43,2.52,116,46
jombor,44,2.07,95,46
jombor,45,2.41,111,46
jombor,46,2.6,122,47
jombor,47,2.21,95,43
jombor,48,2.75,110,40
jombor,49,2.38,93,39
jombor,50,2.18,109,50
jombor,51,2.61,115,44
jombor,52,2.43,102,42
jombor,53,3.18,140,44
jombor,54,2.5,135,54
jombor,55,2.73,123,45
jombor,56,2.53,124,49
jombor,57,2.41,111,46
jombor,58,2.53,109,43
jombor,59,2.42,121,50
jombor,60,2.48,109,44
jombor,61,2.46,101,41
jombor,62,2.74,118,43
jombor,63,2.77,130,47
jombor,64,2.74,126,46
jombor,65,3.59,176,49
jombor,66,2.77,130,47
jombor,67,2.7,124,46
jombor,68,2.26,106,47
jombor,69,2.41,123,51
jombor,70,2.42,116,48
jombor,71,2.02,107,53
jombor,72,1.8,74,41
jombor,73,1.6,67,42
jombor,74,1.78,64,36
jombor,75,1.83,66,36
jombor,76,1.66,58,35
jombor,77,1.61,74,46
jombor,78,1.59,59,37
jombor,79,1.27,47,37
jombor,80,1.47,63,43
jombor,81,1.79,50,28
jombor,82,1.41,52,37
jombor,83,1.67,55,33
jombor,84,1.44,52,36
jombor,85,1.56,42,27
jombor,86,1.5,36,24
jombor,87,1.37,41,30
jombor,88,1.45,29,20
jombor,89,1.06,18,17
jombor,90,1.17,14,12
jombor,91,1.13,17,15
jombor,92,1.27,14,11
jombor,93,1.2,12,10
jombor,94,1.0,6,6
jombor,95,1.1,11,10
kentungan,0,1.14,16,14
kentungan,1,1.14,8,7
kentungan,2,1.67,10,6
kentungan,3,1.27,14,11
kentungan,4,1.25,10,8
kentungan,5,1.11,10,9
kentungan,6,1.0,3,3
kentungan,7,1.25,5,4
kentungan,8,1.2,12,10
kentungan,9,1.5,9,6
kentungan,10,1.0,6,6
kentungan,11,1.67,5,3
kentungan,12,1.0,3,3
kentungan,13,1.33,4,3
kentungan,14,1.17,7,6
kentungan,15,1.25,5,4
kentungan,16,1.0,4,4
kentungan,17,1.0,7,7
kentungan,18,1.2,6,5
kentungan,19,1.0,6,6
kentungan,20,1.0,6,6
kentungan,21,1.4,7,5
kentungan,22,1.18,13,11
kentungan,23,1.18,13,11
kentungan,24,1.75,14,8
kentungan,25,1.11,20,18
kentungan,26,1.15,23,20
kentungan,27,1.62,52,32
kentungan,28,1.45,16,11
kentungan,29,1.58,63,40
kentungan,30,2.28,98,43
kentungan,31,2.46,96,39
kentungan,32,1.95,74,38
kentungan,33,1.74,61,35
kentungan,34,2.31,83,36
kentungan,35,2.64,87,33
kentungan,36,1.77,69,39
kentungan,37,2.02,87,43
kentungan,38,2.02,95,47
kentungan,39,2.26,113,50
kentungan,40,2.08,104,50
kentungan,41,2.67,136,51
kentungan,42,2.41,118,49
kentungan,43,2.4,115,48
kentungan,44,2.9,151,52
kentungan,45,2.69,156,58
kentungan,46,2.64,161,61
kentungan,47,2.64,140,53
kentungan,48,2.81,135,48
kentungan,49,2.55,125,49
kentungan,50,2.91,169,58
kentungan,51,2.71,152,56
kentungan,52,2.73,150,55
kentungan,53,3.05,168,55
kentungan,54,3.35,191,57
kentungan,55,3.28,177,54
kentungan,56,3.27,180,55
kentungan,57,3.63,196,54
kentungan,58,2.96,157,53
kentungan,59,3.3,152,46
kentungan,60,3.0,171,57
kentungan,61,2.52,126,50
kentungan,62,3.12,178,57
kentungan,63,3.53,201,57
kentungan,64,3.28,154,47
kentungan,65,3.2,157,49
kentungan,66,3.11,168,54
kentungan,67,3.0,156,52
kentungan,68,2.8,137,49
kentungan,69,2.17,126,58
kentungan,70,2.38,119,50
kentungan,71,2.54,145,57
kentungan,72,2.02,101,50
kentungan,73,1.91,82,43
kentungan,74,1.93,89,46
kentungan,75,2.0,88,44
kentungan,76,1.73,78,45
kentungan,77,2.1,82,39
kentungan,78,1.85,76,41
kentungan,79,1.51,56,37
kentungan,80,1.67,65,39
kentungan,81,2.22,89,40
kentungan,82,1.76,67,38
kentungan,83,2.03,77,38
kentungan,84,1.72,69,40
kentungan,85,1.71,60,35
kentungan,86,1.5,42,28
kentungan,87,1.62,47,29
kentungan,88,1.44,36,25
kentungan,89,1.57,36,23
kentungan,90,1.41,38,27
kentungan,91,1.39,25,18
kentungan,92,1.4,21,15
kentungan,93,1.25,15,12
kentungan,94,1.45,32,22
kentungan,95,1.3,13,10
kronggahan,0,1.5,3,2
kronggahan,1,1.33,4,3
kronggahan,2,1.67,5,3
kronggahan,3,1.75,7,4
kronggahan,4,1.0,2,2
kronggahan,5,1.0,3,3
kronggahan,6,1.0,1,1
kronggahan,7,1.0,2,2
kronggahan,8,1.0,1,1
kronggahan,9,1.25,5,4
kronggahan,10,1.5,3,2
kronggahan,11,1.5,3,2
kronggahan,12,1.0,2,2
kronggahan,13,1.33,4,3
kronggahan,14,1.25,5,4
kronggahan,15,1.0,1,1
kronggahan,16,2.0,2,1
kronggahan,17,1.0,5,5
kronggahan,18,1.5,3,2
kronggahan,19,1.5,3,2
kronggahan,20,1.0,2,2
kronggahan,21,1.0,3,3
kronggahan,22,1.2,6,5
kronggahan,23,1.27,14,11
kronggahan,24,2.67,8,3
kronggahan,25,1.0,4,4
kronggahan,26,1.36,19,14
kronggahan,27,1.36,19,14
kronggahan,28,1.0,3,3
kronggahan,29,1.6,32,20
kronggahan,30,1.91,61,32
kronggahan,31,1.68,67,40
kronggahan,32,1.74,54,31
kronggahan,33,1.52,38,25
kronggahan,34,1.81,67,37
kronggahan,35,1.52,41,27
kronggahan,36,1.72,50,29
kronggahan,37,1.73,45,26
kronggahan,38,1.7,51,30
kronggahan,39,1.87,58,31
kronggahan,40,1.97,69,35
kronggahan,41,1.67,60,36
kronggahan,42,2.34,89,38
kronggahan,43,2.15,84,39
kronggahan,44,2.29,94,41
kronggahan,45,2.3,69,30
kronggahan,46,2.2,99,45
kronggahan,47,1.93,81,42
kronggahan,48,2.0,66,33
kronggahan,49,2.03,69,34
kronggahan,50,2.0,80,40
kronggahan,51,2.44,83,34
kronggahan,52,2.17,87,40
kronggahan,53,2.33,100,43
kronggahan,54,2.64,87,33
kronggahan,55,2.33,98,42
kronggahan,56,2.63,100,38
kronggahan,57,2.24,94,42
kronggahan,58,2.89,104,36
kronggahan,59,2.03,73,36
kronggahan,60,1.96,90,46
kronggahan,61,2.09,73,35
kronggahan,62,2.62,102,39
kronggahan,63,2.73,101,37
kronggahan,64,2.45,115,47
kronggahan,65,2.4,115,48
kronggahan,66,2.69,97,36
kronggahan,67,2.27,84,37
kronggahan,68,2.08,83,40
kronggahan,69,2.21,104,47
kronggahan,70,1.95,84,43
kronggahan,71,1.97,73,37
kronggahan,72,1.64,46,28
kronggahan,73,1.55,48,31
kronggahan,74,1.68,47,28
kronggahan,75,1.74,47,27
kronggahan,76,1.69,49,29
kronggahan,77,1.73,45,26
kronggahan,78,1.37,37,27
kronggahan,79,1.57,33,21
kronggahan,80,1.32,33,25
kronggahan,81,1.26,24,19
kronggahan,82,1.45,32,22
kronggahan,83,1.5,27,18
kronggahan,84,1.61,45,28
kronggahan,85,1.29,31,24
kronggahan,86,1.33,24,18
kronggahan,87,1.25,15,12
kronggahan,88,1.2,12,10
kronggahan,89,1.15,15,13
kronggahan,90,1.33,12,9
kronggahan,91,1.0,7,7
kronggahan,92,1.0,3,3
kronggahan,93,1.0,12,12
kronggahan,94,1.29,9,7
kronggahan,95,1.0,4,4
monjali,0,1.22,11,9
monjali,1,1.33,16,12
monjali,2,1.15,15,13
monjali,3,1.3,13,10
monjali,4,1.56,14,9
monjali,5,1.56,14,9
monjali,6,1.5,6,4
monjali,7,1.6,8,5
monjali,8,1.86,13,7
monjali,9,1.33,4,3
monjali,10,1.83,11,6
monjali,11,1.33,8,6
monjali,12,1.2,6,5
monjali,13,1.33,8,6
monjali,14,1.1,11,10
monjali,15,1.25,5,4
monjali,16,1.17,7,6
monjali,17,1.0,5,5
monjali,18,2.0,8,4
monjali,19,1.25,5,4
monjali,20,1.12,9,8
monjali,21,1.12,9,8
monjali,22,1.0,9,9
monjali,23,1.38,36,26
monjali,24,1.4,21,15
monjali,25,1.42,27,19
monjali,26,1.26,34,27
monjali,27,1.62,52,32
monjali,28,1.17,14,12
monjali,29,2.75,132,48
monjali,30,2.98,164,55
monjali,31,2.64,124,47
monjali,32,2.17,102,47
monjali,33,2.53,119,47
monjali,34,2.77,130,47
monjali,35,3.5,154,44
monjali,36,1.89,102,54
monjali,37,2.41,123,51
monjali,38,3.04,149,49
monjali,39,3.06,162,53
monjali,40,3.33,180,54
monjali,41,3.64,211,58
monjali,42,3.45,214,62
monjali,43,3.78,227,60
monjali,44,3.67,209,57
monjali,45,3.5,217,62
monjali,46,3.94,248,63
monjali,47,3.82,218,57
monjali,48,3.85,204,53
monjali,49,2.71,168,62
monjali,50,3.97,234,59
monjali,51,4.44,244,55
monjali,52,4.19,239,57
monjali,53,4.75,271,57
monjali,54,5.07,299,59
monjali,55,4.52,271,60
monjali,56,4.67,257,55
monjali,57,4.38,254,58
monjali,58,4.51,257,57
monjali,59,4.68,262,56
monjali,60,4.08,241,59
monjali,61,3.6,198,55
monjali,62,4.45,245,55
monjali,63,4.05,259,64
monjali,64,4.83,256,53
monjali,65,5.14,293,57
monjali,66,4.63,264,57
monjali,67,4.07,244,60
monjali,68,3.9,230,59
monjali,69,3.93,228,58
monjali,70,3.75,244,65
monjali,71,4.51,248,55
monjali,72,3.06,165,54
monjali,73,2.52,136,54
monjali,74,2.6,130,50
monjali,75,2.9,151,52
monjali,76,2.88,138,48
monjali,77,2.54,132,52
monjali,78,2.58,116,45
monjali,79,2.02,91,45
monjali,80,2.18,107,49
monjali,81,2.34,103,44
monjali,82,2.58,116,45
monjali,83,2.28,105,46
monjali,84,2.22,109,49
monjali,85,1.95,78,40
monjali,86,1.93,79,41
monjali,87,1.67,65,39
monjali,88,1.67,50,30
monjali,89,1.41,45,32
monjali,90,1.36,34,25
monjali,91,1.38,36,26
monjali,92,1.38,18,13
monjali,93,1.85,24,13
monjali,94,1.35,27,20
monjali,95,1.43,10,7
upn,0,1.4,14,10
upn,1,1.08,14,13
upn,2,1.08,13,12
upn,3,1.08,13,12
upn,4,1.12,9,8
upn,5,1.5,3,2
upn,6,1.0,7,7
upn,7,1.22,11,9
upn,8,1.22,11,9
upn,9,1.0,10,10
upn,10,1.08,13,12
upn,11,1.29,9,7
upn,12,1.29,9,7
upn,13,1.0,3,3
upn,14,1.29,9,7
upn,15,1.5,6,4
upn,16,1.0,6,6
upn,17,1.38,11,8
upn,18,1.09,12,11
upn,19,1.29,9,7
upn,20,1.2,12,10
upn,21,1.38,11,8
upn,22,1.31,21,16
upn,23,1.39,25,18
upn,24,1.31,21,16
upn,25,1.29,22,17
upn,26,1.46,54,37
upn,27,1.34,43,32
upn,28,1.32,29,22
upn,29,2.15,101,47
upn,30,2.45,142,58
upn,31,2.48,134,54
upn,32,2.42,121,50
upn,33,2.17,91,42
upn,34,2.05,113,55
upn,35,2.17,115,53
upn,36,2.17,126,58
upn,37,2.08,100,48
upn,38,2.59,140,54
upn,39,2.48,149,60
upn,40,2.28,130,57
upn,41,2.37,140,59
upn,42,2.67,155,58
upn,43,3.04,167,55
upn,44,2.71,152,56
upn,45,2.67,152,57
upn,46,3.06,193,63
upn,47,2.98,170,57
upn,48,2.96,169,57
upn,49,2.65,138,52
upn,50,2.93,179,61
upn,51,2.97,184,62
upn,52,3.23,184,57
upn,53,3.37,202,60
upn,54,3.18,178,56
upn,55,3.25,172,53
upn,56,3.72,201,54
upn,57,3.44,189,55
upn,58,3.0,186,62
upn,59,3.13,172,55
upn,60,3.3,185,56
upn,61,3.02,169,56
upn,62,3.6,198,55
upn,63,3.58,197,55
upn,64,3.36,188,56
upn,65,3.36,195,58
upn,66,4.12,235,57
upn,67,3.46,187,54
upn,68,3.16,183,58
upn,69,3.1,183,59
upn,70,2.59,150,58
upn,71,2.37,128,54
upn,72,2.67,136,51
upn,73,1.63,80,49
upn,74,1.85,76,41
upn,75,2.28,89,39
upn,76,1.87,71,38
upn,77,2.17,91,42
upn,78,2.13,66,31
upn,79,1.97,59,30
upn,80,2.07,56,27
upn,81,1.74,59,34
upn,82,2.21,73,33
upn,83,1.77,69,39
upn,84,1.56,64,41
upn,85,1.72,67,39
upn,86,1.92,75,39
upn,87,1.48,40,27
upn,88,1.65,38,23
upn,89,1.13,26,23
upn,90,1.65,33,20
upn,91,1.15,23,20
upn,92,1.0,11,11
upn,93,1.15,23,20
upn,94,1.45,29,20
upn,95,1.18,20,17
