nearest_intersection,hour_wib,is_weekday,avg_maids,n_days
condongcatur,0,false,2.2,9
condongcatur,1,false,1.2,5
condongcatur,2,false,1.4,9
condongcatur,3,false,1.0,5
condongcatur,4,false,1.6,5
condongcatur,5,false,2.1,10
condongcatur,6,false,2.5,14
condongcatur,7,false,4.5,17
condongcatur,8,false,5.4,21
condongcatur,9,false,6.4,19
condongcatur,10,false,10.6,18
condongcatur,11,false,12.3,25
condongcatur,12,false,12.0,21
condongcatur,13,false,13.4,25
condongcatur,14,false,13.9,21
condongcatur,15,false,10.8,27
condongcatur,16,false,17.2,18
condongcatur,17,false,12.0,22
condongcatur,18,false,8.8,21
condongcatur,19,false,9.3,18
condongcatur,20,false,7.9,22
condongcatur,21,false,4.8,26
condongcatur,22,false,2.9,19
condongcatur,23,false,2.8,12
condongcatur,0,true,1.6,34
condongcatur,1,true,1.5,21
condongcatur,2,true,1.3,16
condongcatur,3,true,1.2,10
condongcatur,4,true,1.1,17
condongcatur,5,true,1.4,21
condongcatur,6,true,2.6,48
condongcatur,7,true,6.0,52
condongcatur,8,true,6.5,51
condongcatur,9,true,6.7,54
condongcatur,10,true,8.6,59
condongcatur,11,true,10.5,61
condongcatur,12,true,10.0,57
condongcatur,13,true,12.4,54
condongcatur,14,true,12.5,53
condongcatur,15,true,13.2,48
condongcatur,16,true,11.5,53
condongcatur,17,true,11.0,53
condongcatur,18,true,6.4,54
condongcatur,19,true,6.4,42
condongcatur,20,true,4.8,46
condongcatur,21,true,4.0,46
condongcatur,22,true,2.6,40
condongcatur,23,true,2.1,37
jombor,0,false,1.8,9
jombor,1,false,2.0,1
jombor,2,false,1.0,2
jombor,3,false,1.2,4
jombor,4,false,1.2,4
jombor,5,false,1.5,13
jombor,6,false,1.9,13
jombor,7,false,2.5,13
jombor,8,false,3.3,15
jombor,9,false,4.4,16
jombor,10,false,4.6,19
jombor,11,false,7.2,20
jombor,12,false,8.8,18
jombor,13,false,8.6,19
jombor,14,false,7.1,22
jombor,15,false,7.9,18
jombor,16,false,9.8,17
jombor,17,false,5.6,23
jombor,18,false,4.5,18
jombor,19,false,3.6,21
jombor,20,false,3.4,21
jombor,21,false,3.3,19
jombor,22,false,2.5,13
jombor,23,false,2.0,6
jombor,0,true,1.4,11
jombor,1,true,1.7,10
jombor,2,true,1.5,11
jombor,3,true,1.0,7
jombor,4,true,1.2,5
jombor,5,true,1.1,24
jombor,6,true,1.9,32
jombor,7,true,2.9,39
jombor,8,true,4.2,42
jombor,9,true,3.6,54
jombor,10,true,5.3,52
jombor,11,true,5.8,47
jombor,12,true,5.8,43
jombor,13,true,7.4,44
jombor,14,true,7.0,43
jombor,15,true,6.7,45
jombor,16,true,7.9,47
jombor,17,true,6.0,52
jombor,18,true,3.6,51
jombor,19,true,3.1,48
jombor,20,true,3.2,43
jombor,21,true,2.5,41
jombor,22,true,1.5,29
jombor,23,true,1.7,17
kentungan,0,false,1.6,11
kentungan,1,false,1.3,7
kentungan,2,false,1.2,4
kentungan,3,false,1.4,7
kentungan,4,false,1.3,6
kentungan,5,false,1.8,12
kentungan,6,false,2.5,15
kentungan,7,false,4.5,13
kentungan,8,false,4.8,16
kentungan,9,false,4.8,20
kentungan,10,false,7.3,15
kentungan,11,false,7.7,26
kentungan,12,false,8.8,23
kentungan,13,false,9.0,24
kentungan,14,false,10.3,21
kentungan,15,false,7.7,27
kentungan,16,false,10.9,19
kentungan,17,false,6.2,26
kentungan,18,false,5.4,18
kentungan,19,false,4.1,21
kentungan,20,false,6.6,19
kentungan,21,false,3.6,18
kentungan,22,false,3.1,16
kentungan,23,false,1.6,7
kentungan,0,true,1.3,20
kentungan,1,true,1.2,14
kentungan,2,true,1.4,16
kentungan,3,true,1.1,7
kentungan,4,true,1.0,14
kentungan,5,true,1.3,13
kentungan,6,true,1.9,36
kentungan,7,true,4.1,51
kentungan,8,true,5.1,43
kentungan,9,true,4.4,57
kentungan,10,true,6.0,55
kentungan,11,true,6.4,59
kentungan,12,true,6.8,53
kentungan,13,true,8.7,51
kentungan,14,true,8.2,54
kentungan,15,true,8.2,54
kentungan,16,true,8.8,46
kentungan,17,true,6.2,56
kentungan,18,true,4.8,52
kentungan,19,true,4.0,48
kentungan,20,true,3.0,53
kentungan,21,true,3.2,45
kentungan,22,true,2.1,40
kentungan,23,true,2.1,33
kronggahan,0,false,1.3,3
kronggahan,1,false,1.0,1
kronggahan,2,false,1.5,2
kronggahan,3,false,1.0,1
kronggahan,4,false,1.0,2
kronggahan,5,false,1.6,7
kronggahan,6,false,1.9,11
kronggahan,7,false,2.2,13
kronggahan,8,false,2.3,16
kronggahan,9,false,3.3,16
kronggahan,10,false,4.4,16
kronggahan,11,false,5.1,18
kronggahan,12,false,5.6,18
kronggahan,13,false,6.6,18
kronggahan,14,false,5.5,19
kronggahan,15,false,6.7,19
kronggahan,16,false,6.9,17
kronggahan,17,false,4.6,20
kronggahan,18,false,4.0,14
kronggahan,19,false,3.4,16
kronggahan,20,false,2.7,17
kronggahan,21,false,2.5,16
kronggahan,22,false,2.0,9
kronggahan,23,false,1.1,8
kronggahan,0,true,1.8,6
kronggahan,1,true,1.0,7
kronggahan,2,true,1.2,6
kronggahan,3,true,1.2,9
kronggahan,4,true,1.3,7
kronggahan,5,true,1.2,12
kronggahan,6,true,1.6,17
kronggahan,7,true,2.9,45
kronggahan,8,true,3.7,42
kronggahan,9,true,4.0,36
kronggahan,10,true,4.2,53
kronggahan,11,true,5.0,46
kronggahan,12,true,4.2,44
kronggahan,13,true,5.5,43
kronggahan,14,true,5.9,43
kronggahan,15,true,5.4,42
kronggahan,16,true,6.5,44
kronggahan,17,true,4.7,53
kronggahan,18,true,2.8,47
kronggahan,19,true,2.6,42
kronggahan,20,true,2.1,31
kronggahan,21,true,2.2,34
kronggahan,22,true,1.3,20
kronggahan,23,true,1.4,14
monjali,0,false,1.6,12
monjali,1,false,1.8,8
monjali,2,false,1.6,8
monjali,3,false,1.6,7
monjali,4,false,1.4,5
monjali,5,false,1.9,12
monjali,6,false,3.0,14
monjali,7,false,4.6,15
monjali,8,false,6.4,18
monjali,9,false,7.1,19
monjali,10,false,8.7,24
monjali,11,false,10.6,25
monjali,12,false,11.6,23
monjali,13,false,15.2,23
monjali,14,false,14.7,22
monjali,15,false,13.6,21
monjali,16,false,15.3,21
monjali,17,false,10.7,26
monjali,18,false,9.2,21
monjali,19,false,7.4,20
monjali,20,false,8.2,20
monjali,21,false,4.7,22
monjali,22,false,3.2,21
monjali,23,false,2.4,11
monjali,0,true,1.5,22
monjali,1,true,2.0,12
monjali,2,true,1.9,11
monjali,3,true,1.3,14
monjali,4,true,1.4,12
monjali,5,true,1.5,27
monjali,6,true,2.3,38
monjali,7,true,7.1,48
monjali,8,true,7.6,49
monjali,9,true,6.3,59
monjali,10,true,9.4,59
monjali,11,true,9.6,60
monjali,12,true,9.7,56
monjali,13,true,12.7,52
monjali,14,true,12.9,50
monjali,15,true,10.7,56
monjali,16,true,13.4,51
monjali,17,true,10.9,56
monjali,18,true,7.1,52
monjali,19,true,6.4,48
monjali,20,true,4.9,52
monjali,21,true,4.5,47
monjali,22,true,2.6,36
monjali,23,true,2.0,24
upn,0,false,1.3,9
upn,1,false,1.1,7
upn,2,false,1.1,9
upn,3,false,1.7,3
upn,4,false,1.8,5
upn,5,false,2.1,11
upn,6,false,2.5,13
upn,7,false,3.4,20
upn,8,false,5.0,21
upn,9,false,5.7,21
upn,10,false,7.6,18
upn,11,false,8.0,25
upn,12,false,7.1,25
upn,13,false,11.8,21
upn,14,false,9.4,22
upn,15,false,9.8,22
upn,16,false,11.6,20
upn,17,false,8.9,21
upn,18,false,6.0,22
upn,19,false,5.6,18
upn,20,false,3.9,21
upn,21,false,5.3,19
upn,22,false,1.9,21
upn,23,false,1.8,12
upn,0,true,1.3,31
upn,1,true,1.3,15
upn,2,true,1.3,18
upn,3,true,1.4,13
upn,4,true,1.4,15
upn,5,true,1.4,31
upn,6,true,1.9,54
upn,7,true,4.6,65
upn,8,true,4.6,63
upn,9,true,5.9,60
upn,10,true,6.4,64
upn,11,true,6.5,64
upn,12,true,7.8,58
upn,13,true,7.8,58
upn,14,true,7.8,64
upn,15,true,10.0,49
upn,16,true,9.7,53
upn,17,true,7.1,60
upn,18,true,4.8,50
upn,19,true,4.0,43
upn,20,true,4.1,38
upn,21,true,3.1,43
upn,22,true,2.1,34
upn,23,true,1.6,33
