u,v,name,length,edge_key,ping_count
2365503289,1720135674,Ring Road Utara,183.572,2365503289_1720135674,35297
3661880070,1720197660,Jalan Siliwangi,81.145,3661880070_1720197660,22404
1720197655,1720197642,Jalan Siliwangi,301.818,1720197655_1720197642,12313
3663310584,3663310587,Jalan Padjajaran,451.468,3663310584_3663310587,11977
1721446174,1720135403,Ring Road Utara,60.973,1721446174_1720135403,9899
1720135403,3669800185,Ring Road Utara,88.725,1720135403_3669800185,9874
1460649276,8437850534,Jalan Kaliurang,68.285,1460649276_8437850534,7813
1720197855,7666545726,Ring Road Utara,56.983,1720197855_7666545726,7789
7654737759,3201666440,Jalan Padjajaran,93.073,7654737759_3201666440,7386
3663310587,1720135620,Jalan Padjajaran,255.533,3663310587_1720135620,6527
13737613592,1721446177,Jalan Padjajaran,61.651,13737613592_1721446177,6223
1370186967,4670241359,Jalan Kaliurang,59.461,1370186967_4670241359,6217
5558739360,9819785509,Jalan Padjajaran,57.788,5558739360_9819785509,6129
7663758547,8438810518,Jalan Kaliurang,30.013,7663758547_8438810518,5994
9819785506,1721446250,Jalan Padjajaran,71.027,9819785506_1721446250,5803
2463803227,3214994240,Jalan Kaliurang,70.151,2463803227_3214994240,5564
8446425686,13737613572,Jalan Padjajaran,57.931,8446425686_13737613572,5382
3835398632,5555924750,Jalan Affandi,66.371,3835398632_5555924750,5281
7666545726,9154908368,Ring Road Utara,44.115,7666545726_9154908368,5236
1390908532,5603935165,Jalan Seturan Raya,51.497,1390908532_5603935165,5022
5563375683,9570844387,Ring Road Utara,136.246,5563375683_9570844387,4919
2930657889,1720135653,Ring Road Utara,74.88,2930657889_1720135653,4880
1370186967,1795103041,Jalan Kaliurang,46.861,1370186967_1795103041,4843
3201666440,3663310584,Jalan Padjajaran,57.782,3201666440_3663310584,4758
3214994240,8438810518,Jalan Kaliurang,91.706,3214994240_8438810518,4740
5606290455,5610495431,Ring Road Utara,88.304,5606290455_5610495431,4722
3661572543,3724087915,Jalan Nyi Tjondro Loekito,63.927,3661572543_3724087915,4567
7663564671,1720197855,Ring Road Utara,21.366,7663564671_1720197855,4490
7643344065,1720272173,Jalan Anggajaya 1,63.675,7643344065_1720272173,4284
3309284061,3687534425,Jalan Magelang,109.469,3309284061_3687534425,4273
7642460134,3835398632,Jalan Affandi,65.79,7642460134_3835398632,4189
3662557432,9819785510,Jalan Seturan Raya,59.425,3662557432_9819785510,4183
13073657375,7666545724,Ring Road Utara,169.749,13073657375_7666545724,4107
5606640869,1720197652,Jalan Siliwangi,221.407,5606640869_1720197652,4086
8894062701,1720135480,Jalan Padjajaran,70.609,8894062701_1720135480,3865
1720197830,4854548334,Jalan Padjajaran,13.775,1720197830_4854548334,3802
7308203836,8451839000,Ring Road Utara,99.422,7308203836_8451839000,3799
7634566882,9446704633,Jalan Affandi,26.892,7634566882_9446704633,3571
7687120468,9022125172,Jalan Padjajaran,179.664,7687120468_9022125172,3485
1720135548,8451826123,Jalan Affandi,14.456,1720135548_8451826123,3416
1460656776,2882833292,Jalan Kaliurang,57.709,1460656776_2882833292,3391
1720135648,3662557435,Ring Road Utara,62.823,1720135648_3662557435,3373
2565952007,12545957376,Jalan Palagan Tentara Pelajar,35.138,2565952007_12545957376,3363
1390908532,3662557432,Jalan Seturan Raya,74.51,1390908532_3662557432,3328
9860343127,5234366131,Jalan Padjajaran,30.841,9860343127_5234366131,3192
7654737763,7654737759,Jalan Padjajaran,102.904,7654737763_7654737759,3187
2463803227,7290829524,Jalan Kaliurang,25.417,2463803227_7290829524,3178
1388953242,8437850534,Jalan Kaliurang,46.187,1388953242_8437850534,3153
5234366131,8451920544,Jalan Padjajaran,41.856,5234366131_8451920544,3147
1720135620,5558739360,Jalan Padjajaran,84.048,1720135620_5558739360,3128
7676359425,5608710341,Ring Road Utara,89.918,7676359425_5608710341,3112
11330787340,8744501735,Jalan Magelang,100.183,11330787340_8744501735,3078
1720135480,1720135474,Jalan Padjajaran,79.402,1720135480_1720135474,2983
9154908368,9154908364,Ring Road Utara,104.774,9154908368_9154908364,2900
7668725522,7668725521,Jalan Magelang,7.985,7668725522_7668725521,2849
7634566881,1720272225,Jalan Affandi,7.043,7634566881_1720272225,2845
1390908547,3662557489,Jalan Seturan Raya,26.276,1390908547_3662557489,2771
1720197847,1720197850,Ring Road Utara,23.654,1720197847_1720197850,2762
1720197716,4989720244,Jalan Padjajaran,80.092,1720197716_4989720244,2761
1720197834,7308203836,Ring Road Utara,38.909,1720197834_7308203836,2734
1388953242,1460656776,Jalan Kaliurang,30.644,1388953242_1460656776,2676
1720272177,1720135478,Jalan Anggajaya 1,49.054,1720272177_1720135478,2664
2537421966,9551748087,Jalan Kabupaten,159.59,2537421966_9551748087,2635
3661800041,8436572436,Jalan Nyi Tjondro Loekito,49.849,3661800041_8436572436,2616
7642222912,1720272202,Jalan Padjajaran,30.578,7642222912_1720272202,2583
2488980584,1795102960,Ring Road Utara,141.298,2488980584_1795102960,2572
9153883727,2751215348,Ring Road Utara,79.236,9153883727_2751215348,2568
3661881839,3669802789,Jalan Nyi Tjondro Loekito,31.073,3661881839_3669802789,2561
3702170761,2488980584,Ring Road Utara,80.928,3702170761_2488980584,2521
4854548334,7642222912,Jalan Padjajaran,35.647,4854548334_7642222912,2497
1720321713,9554047373,Jalan Magelang,70.456,1720321713_9554047373,2484
5555924750,7634566880,Jalan Affandi,59.077,5555924750_7634566880,2476
7668725523,7668725522,Jalan Magelang,25.414,7668725523_7668725522,2442
9446704633,9446704638,Jalan Affandi,17.743,9446704633_9446704638,2413
5610495425,3702170761,Ring Road Utara,64.563,5610495425_3702170761,2369
5603935161,5603935165,Jalan Seturan Raya,24.392,5603935161_5603935165,2333
9553942634,3309284061,Jalan Magelang,59.281,9553942634_3309284061,2326
3625423033,5606651367,Ring Road Utara,59.12,3625423033_5606651367,2308
2138725535,5563211061,Jalan Pawiro Kuat,23.295,2138725535_5563211061,2292
3661881839,5377023530,Jalan Nyi Tjondro Loekito,51.757,3661881839_5377023530,2264
7666545724,1720197814,Ring Road Utara,50.413,7666545724_1720197814,2261
7652677604,1720135464,Jalan Padjajaran,26.724,7652677604_1720135464,2244
7537982150,4667313123,Jalan Siliwangi,76.17,7537982150_4667313123,2198
1720135653,5610495441,Ring Road Utara,115.904,1720135653_5610495441,2090
1720197783,5608710339,Ring Road Utara,59.521,1720197783_5608710339,2006
5358434365,11330787340,Jalan Magelang,15.525,5358434365_11330787340,1999
7281592186,1721446200,Ring Road Utara,44.388,7281592186_1721446200,1984
1390872254,7642460134,Jalan Affandi,35.018,1390872254_7642460134,1983
1720272202,4670241374,Jalan Padjajaran,22.318,1720272202_4670241374,1976
10303552087,7687120468,Jalan Padjajaran,85.049,10303552087_7687120468,1944
1720135464,1720135466,Jalan Padjajaran,46.429,1720135464_1720135466,1931
10296080625,7537982149,Jalan Siliwangi,39.081,10296080625_7537982149,1889
822593309,3669798882,Jalan Palagan Tentara Pelajar,27.885,822593309_3669798882,1885
13248026065,7538042791,Jalan Siliwangi,219.291,13248026065_7538042791,1827
5610726954,8894062701,Jalan Padjajaran,29.618,5610726954_8894062701,1775
10309650246,4670241360,Jalan Kaliurang,19.292,10309650246_4670241360,1767
2167607041,5563305286,Ring Road Utara,62.027,2167607041_5563305286,1727
1795102960,5610495421,Ring Road Utara,90.63,1795102960_5610495421,1710
3661881758,1720321713,Jalan Magelang,54.688,3661881758_1720321713,1638
9860343124,1720135548,Jalan Affandi,15.172,9860343124_1720135548,1637
5207808660,5610495435,Ring Road Utara,9.105,5207808660_5610495435,1617
1720135486,1720135503,Jalan Padjajaran,38.343,1720135486_1720135503,1615
3661572543,3661800041,Jalan Nyi Tjondro Loekito,31.715,3661572543_3661800041,1602
5606651367,1795103005,Ring Road Utara,61.361,5606651367_1795103005,1601
1720135466,13158540178,Jalan Padjajaran,40.331,1720135466_13158540178,1586
5608710338,7281592186,Ring Road Utara,46.805,5608710338_7281592186,1579
5608710349,5608710348,Ring Road Utara,79.002,5608710349_5608710348,1570
5608710355,1795102971,Jalan Siliwangi,16.18,5608710355_1795102971,1550
8461422022,1720135785,Ring Road Utara,25.766,8461422022_1720135785,1550
5563305315,2167607041,Ring Road Utara,57.006,5563305315_2167607041,1536
4670241368,3625423033,Ring Road Utara,30.566,4670241368_3625423033,1529
1720135509,5421635063,Jalan Padjajaran,79.205,1720135509_5421635063,1522
8744501735,3661881758,Jalan Magelang,57.726,8744501735_3661881758,1505
1720197702,1720197705,Jalan Padjajaran,33.679,1720197702_1720197705,1493
2868015607,1720197857,Ring Road Utara,27.621,2868015607_1720197857,1481
1391280747,5555924345,Jalan Anggajaya 1,21.327,1391280747_5555924345,1472
3309285561,7668725524,Jalan Magelang,57.186,3309285561_7668725524,1435
1720272173,5544339276,Jalan Anggajaya 1,32.348,1720272173_5544339276,1430
13248032803,13248032802,Jalan Siliwangi,138.81,13248032803_13248032802,1422
6877217689,5558739367,Ring Road Utara,38.439,6877217689_5558739367,1412
13158540178,1720135476,Jalan Padjajaran,37.565,13158540178_1720135476,1409
5610495319,5610515353,Ring Road Utara,36.578,5610495319_5610515353,1396
12545957373,12545957376,Jalan Palagan Tentara Pelajar,19.716,12545957373_12545957376,1393
1720197832,1720197837,Ring Road Utara,26.426,1720197832_1720197837,1380
1720197726,13737613592,Jalan Padjajaran,32.167,1720197726_13737613592,1377
5610495435,5563305285,Ring Road Utara,56.618,5610495435_5563305285,1377
1720197861,1720197860,Ring Road Utara,35.312,1720197861_1720197860,1375
1391280747,5811731908,Jalan Anggajaya 1,14.037,1391280747_5811731908,1318
1720272160,5606095730,Jalan Siliwangi,83.668,1720272160_5606095730,1300
4667313114,2565951995,Jalan Ring Road Utara,69.428,4667313114_2565951995,1298
5563305285,7290361558,Ring Road Utara,26.664,5563305285_7290361558,1298
5608710348,6457482447,Ring Road Utara,36.395,5608710348_6457482447,1278
8451838999,3661948633,Ring Road Utara,30.513,8451838999_3661948633,1243
5606290466,5606290455,Ring Road Utara,57.103,5606290466_5606290455,1233
5610495431,3636570876,Ring Road Utara,29.907,5610495431_3636570876,1224
3661948633,5234366135,Ring Road Utara,28.507,3661948633_5234366135,1209
4989720244,1720197724,Jalan Padjajaran,22.299,4989720244_1720197724,1208
1720135479,1720135486,Jalan Padjajaran,35.645,1720135479_1720135486,1204
1720197734,7601432326,Ring Road Utara,56.79,1720197734_7601432326,1186
1654232395,2882805684,Jalan Palagan Tentara Pelajar,57.127,1654232395_2882805684,1185
2138725533,5558739376,Jalan Pawiro Kuat,8.787,2138725533_5558739376,1183
1720197724,8446425686,Jalan Padjajaran,19.605,1720197724_8446425686,1179
5608710353,5608710336,Ring Road Utara,50.245,5608710353_5608710336,1156
5198170892,5558134016,Jalan Anggajaya 1,25.277,5198170892_5558134016,1151
8451839000,8451838999,Ring Road Utara,27.378,8451839000_8451838999,1140
5859399086,5608710353,Ring Road Utara,59.958,5859399086_5608710353,1138
1721446186,4670241359,Jalan Kaliurang,7.847,1721446186_4670241359,1134
7290361558,1720135648,Ring Road Utara,28.294,7290361558_1720135648,1123
1654232376,2882805687,Jalan Palagan Tentara Pelajar,33.093,1654232376_2882805687,1110
7595379700,5608710349,Ring Road Utara,21.426,7595379700_5608710349,1097
1720135674,5610495425,Ring Road Utara,29.886,1720135674_5610495425,1068
9819785509,5610495452,Jalan Padjajaran,21.989,9819785509_5610495452,1067
2882833292,6763210243,Jalan Kaliurang,31.375,2882833292_6763210243,1059
8976653593,9819785513,Jalan Pawiro Kuat,24.553,8976653593_9819785513,1055
3662557435,2930657889,Ring Road Utara,16.532,3662557435_2930657889,1050
13737613572,4670241352,Jalan Padjajaran,12.322,13737613572_4670241352,1050
1720197652,7538042788,Jalan Siliwangi,72.057,1720197652_7538042788,1048
12513731136,7675872274,Jalan Kaliurang,17.686,12513731136_7675872274,1022
276915740,8448600519,Jalan Nyi Tjondro Loekito,18.513,276915740_8448600519,1021
1720135741,1720135752,Ring Road Utara,48.439,1720135741_1720135752,999
3661880062,3661880070,Jalan Siliwangi,97.866,3661880062_3661880070,997
7290083807,7290083806,Ring Road Utara,5.012,7290083807_7290083806,994
2882805687,2978412361,Jalan Palagan Tentara Pelajar,33.201,2882805687_2978412361,990
6457482447,5608710346,Ring Road Utara,48.274,6457482447_5608710346,987
1720135476,7642222907,Jalan Padjajaran,29.338,1720135476_7642222907,986
7281592185,10705877968,Jalan Kaliurang,15.679,7281592185_10705877968,978
1720197850,1720197852,Ring Road Utara,19.981,1720197850_1720197852,953
1795102971,3309295161,Jalan Siliwangi,21.515,1795102971_3309295161,951
5558739682,5563305375,Jalan Pawiro Kuat,28.15,5558739682_5563305375,947
3661881778,8436572436,Jalan Nyi Tjondro Loekito,19.282,3661881778_8436572436,939
1720197708,7687162294,Jalan Padjajaran,28.742,1720197708_7687162294,938
12165261069,4670241370,Jalan Kaliurang,10.71,12165261069_4670241370,937
5608710339,5608710338,Ring Road Utara,40.173,5608710339_5608710338,933
1720272207,9860343124,Jalan Affandi,12.926,1720272207_9860343124,931
9512765875,1720197730,Ring Road Utara,31.58,9512765875_1720197730,925
9154908364,1720197834,Ring Road Utara,32.049,9154908364_1720197834,916
1654232376,3669798882,Jalan Palagan Tentara Pelajar,22.252,1654232376_3669798882,907
5234366135,1720197830,Ring Road Utara,15.588,5234366135_1720197830,906
1720135664,5606290464,Ring Road Utara,32.334,1720135664_5606290464,901
1720135503,7642222906,Jalan Padjajaran,27.811,1720135503_7642222906,897
8451826123,7634566882,Jalan Affandi,7.477,8451826123_7634566882,893
7687162294,10303552087,Jalan Padjajaran,31.316,7687162294_10303552087,889
5606095730,5608710355,Jalan Siliwangi,27.22,5606095730_5608710355,888
8451920544,5610726954,Jalan Padjajaran,13.723,8451920544_5610726954,880
3661948585,5558133969,Jalan Anggajaya 1,20.493,3661948585_5558133969,855
1720197715,1720197716,Jalan Padjajaran,40.544,1720197715_1720197716,850
1795102967,13713277377,Jalan Ring Road Utara,32.164,1795102967_13713277377,847
1460649219,6763210247,Jalan Kaliurang,19.239,1460649219_6763210247,840
1720197726,4670241355,Jalan Palagan Tentara Pelajar,30.596,1720197726_4670241355,839
1720197747,5608710354,Ring Road Utara,23.487,1720197747_5608710354,838
1720197841,1720197843,Ring Road Utara,30.932,1720197841_1720197843,838
1721446177,7687227758,Ring Road Utara,9.467,1721446177_7687227758,828
1720197649,5606640870,Jalan Siliwangi,56.602,1720197649_5606640870,824
7678845688,2365503289,Ring Road Utara,32.143,7678845688_2365503289,824
1720197860,7663564671,Ring Road Utara,21.878,1720197860_7663564671,821
9446704638,1390872254,Jalan Affandi,7.94,9446704638_1390872254,817
1720197857,1720197861,Ring Road Utara,24.733,1720197857_1720197861,814
7668725524,7668725523,Jalan Magelang,14.634,7668725524_7668725523,811
3666612850,1720272160,Jalan Siliwangi,69.2,3666612850_1720272160,808
5610495421,5411679752,Ring Road Utara,59.799,5610495421_5411679752,783
4667313128,7690296598,Jalan Kabupaten,29.372,4667313128_7690296598,782
13737613593,12165261069,Jalan Kaliurang,6.485,13737613593_12165261069,760
8461066324,1720135741,Ring Road Utara,38.964,8461066324_1720135741,759
7666545723,2751215337,Ring Road Utara,46.395,7666545723_2751215337,758
5610495453,9819785510,Jalan Seturan Raya,16.793,5610495453_9819785510,749
7663564663,1720197832,Ring Road Utara,25.601,7663564663_1720197832,746
5555924734,4670241375,Jalan Anggajaya 1,8.798,5555924734_4670241375,745
7676359428,6457482446,Ring Road Utara,23.747,7676359428_6457482446,737
1654232379,3671100381,Jalan Palagan Tentara Pelajar,29.956,1654232379_3671100381,733
4670241360,13737613593,Jalan Kaliurang,8.132,4670241360_13737613593,733
2751215337,7663564663,Ring Road Utara,36.885,2751215337_7663564663,728
1721446200,4670241372,Ring Road Utara,12.039,1721446200_4670241372,727
5601295053,11330915499,Jalan Kabupaten,42.205,5601295053_11330915499,717
5606640870,5606640869,Jalan Siliwangi,56.85,5606640870_5606640869,716
5608710352,5608710351,Ring Road Utara,37.212,5608710352_5608710351,716
5558739367,5563305315,Ring Road Utara,15.709,5558739367_5563305315,715
3662557260,5558739682,Jalan Pawiro Kuat,36.416,3662557260_5558739682,711
5608710345,5608710344,Ring Road Utara,45.852,5608710345_5608710344,706
276915744,4670241354,Jalan Nyi Tjondro Loekito,27.965,276915744_4670241354,697
5421635063,1720135536,Jalan Padjajaran,35.051,5421635063_1720135536,679
2552009128,11100793648,Jalan Kaliurang,28.573,2552009128_11100793648,678
3687534425,8437425756,Jalan Magelang,36.249,3687534425_8437425756,677
1654232395,2978412361,Jalan Palagan Tentara Pelajar,21.32,1654232395_2978412361,676
1720135474,7652677604,Jalan Padjajaran,18.54,1720135474_7652677604,675
2327949659,3679640906,Jalan Kabupaten,78.313,2327949659_3679640906,668
7687120473,1720197715,Jalan Padjajaran,31.096,7687120473_1720197715,666
5603935161,7290083812,Jalan Seturan Raya,31.37,5603935161_7290083812,665
10302722691,1795102938,Ring Road Utara,22.675,10302722691_1795102938,663
1720197689,1720197693,Jalan Ring Road Utara,35.464,1720197689_1720197693,662
1795103002,7537955043,Jalan Magelang,30.866,1795103002_7537955043,660
1720135478,5555924734,Jalan Anggajaya 1,8.362,1720135478_5555924734,656
13713277383,7669445714,Jalan Magelang,18.211,13713277383_7669445714,652
11189646562,13248026065,Jalan Siliwangi,76.698,11189646562_13248026065,649
7290083806,6877217689,Ring Road Utara,6.8,7290083806_6877217689,643
5833728174,1720197689,Jalan Ring Road Utara,34.528,5833728174_1720197689,642
8437257935,10302722691,Ring Road Utara,21.205,8437257935_10302722691,641
5608710340,1720197783,Ring Road Utara,17.166,5608710340_1720197783,638
822593309,9510330061,Jalan Palagan Tentara Pelajar,5.535,822593309_9510330061,634
1720321698,5606095728,Jalan Magelang,13.9,1720321698_5606095728,634
13248026073,11189646562,Jalan Siliwangi,39.814,13248026073_11189646562,627
3661518908,1720197649,Jalan Siliwangi,80.828,3661518908_1720197649,618
2138725535,5563305375,Jalan Pawiro Kuat,28.215,2138725535_5563305375,608
6457482446,5608710340,Ring Road Utara,17.566,6457482446_5608710340,605
2565951995,5833728174,Jalan Ring Road Utara,30.073,2565951995_5833728174,602
5604069573,7537982150,Jalan Siliwangi,48.895,5604069573_7537982150,602
1795102938,1720197734,Ring Road Utara,25.677,1795102938_1720197734,601
1720197679,1795102967,Jalan Ring Road Utara,38.721,1720197679_1795102967,598
1720197837,1720197841,Ring Road Utara,22.271,1720197837_1720197841,590
5608710344,5608710343,Ring Road Utara,36.221,5608710344_5608710343,583
9523663598,5610495319,Ring Road Utara,34.934,9523663598_5610495319,578
7642222906,1720135509,Jalan Padjajaran,27.158,7642222906_1720135509,574
3669800185,9512765875,Ring Road Utara,24.203,3669800185_9512765875,572
1720197730,8437257935,Ring Road Utara,25.145,1720197730_8437257935,565
3632597240,1720135750,Ring Road Utara,21.868,3632597240_1720135750,565
5608710343,6457482448,Ring Road Utara,31.42,5608710343_6457482448,563
3661948585,5555924345,Jalan Anggajaya 1,14.897,3661948585_5555924345,555
1720197698,1720197702,Jalan Padjajaran,22.786,1720197698_1720197702,551
5610495452,9819785513,Jalan Pawiro Kuat,19.484,5610495452_9819785513,551
4667313139,13248026073,Jalan Siliwangi,25.829,4667313139_13248026073,546
4670241352,1720197726,Jalan Padjajaran,24.256,4670241352_1720197726,536
5610495445,7290083807,Ring Road Utara,5.089,5610495445_7290083807,530
1720135765,1720135769,Ring Road Utara,20.386,1720135765_1720135769,529
5603488163,5603488165,Jalan Kabupaten,25.686,5603488163_5603488165,527
7537982149,4667313139,Jalan Siliwangi,18.106,7537982149_4667313139,527
1795103041,7663758547,Jalan Kaliurang,7.648,1795103041_7663758547,512
2502420899,8448600519,Jalan Nyi Tjondro Loekito,24.082,2502420899_8448600519,509
4670241370,7281592185,Jalan Kaliurang,10.171,4670241370_7281592185,502
275864515,10309650246,Jalan Kaliurang,9.924,275864515_10309650246,498
1720197852,2868015607,Ring Road Utara,25.631,1720197852_2868015607,498
5608710346,5608710345,Ring Road Utara,28.367,5608710346_5608710345,496
1720197814,3625423044,Ring Road Utara,21.172,1720197814_3625423044,494
5608710354,5859399086,Ring Road Utara,25.069,5608710354_5859399086,494
1390908545,7290083811,Jalan Seturan Raya,11.369,1390908545_7290083811,489
7687227758,1721446174,Ring Road Utara,10.112,7687227758_1721446174,489
7538042791,3661518908,Jalan Siliwangi,32.618,7538042791_3661518908,488
1720197705,1720197708,Jalan Padjajaran,21.018,1720197705_1720197708,485
5198170892,9526370313,Jalan Anggajaya 1,9.459,5198170892_9526370313,484
4667313127,7690296592,Jalan Kabupaten,30.576,4667313127_7690296592,482
1391280767,5558133992,Jalan Anggajaya 1,17.787,1391280767_5558133992,480
7601432326,1720197747,Ring Road Utara,17.822,7601432326_1720197747,478
7675872274,1721446186,Jalan Kaliurang,5.991,7675872274_1721446186,473
5603488182,9551748087,Jalan Kabupaten,55.817,5603488182_9551748087,472
2751215348,7666545723,Ring Road Utara,37.832,2751215348_7666545723,470
3636570876,5563375683,Ring Road Utara,28.278,3636570876_5563375683,463
4670241375,5555924747,Jalan Anggajaya 1,6.73,4670241375_5555924747,463
2502420899,3661881858,Jalan Nyi Tjondro Loekito,19.666,2502420899_3661881858,460
5563376113,7678845688,Ring Road Utara,35.075,5563376113_7678845688,450
5610495441,1720135664,Ring Road Utara,19.738,5610495441_1720135664,435
1390908542,7290326820,Jalan Seturan Raya,11.194,1390908542_7290326820,430
7290326822,1390908540,Jalan Seturan Raya,10.737,7290326822_1390908540,430
279077930,5601293681,Jalan Kabupaten,60.981,279077930_5601293681,428
11100793647,11100793648,Jalan Kaliurang,11.745,11100793647_11100793648,424
4670241374,1720272203,Jalan Padjajaran,8.357,4670241374_1720272203,422
5608710336,5608710352,Ring Road Utara,17.967,5608710336_5608710352,417
7634566880,5530005394,Jalan Affandi,13.026,7634566880_5530005394,417
1720197662,1720197661,Jalan Siliwangi,30.485,1720197662_1720197661,409
5606095728,9553942634,Jalan Magelang,9.62,5606095728_9553942634,404
1720135711,1720135720,Ring Road Utara,29.815,1720135711_1720135720,403
2930657887,3679639163,Jalan Kabupaten,46.231,2930657887_3679639163,401
1720197661,1720197664,Jalan Siliwangi,26.141,1720197661_1720197664,398
1720135720,1720135728,Ring Road Utara,20.203,1720135720_1720135728,396
7281592188,12165261072,Ring Road Utara,12.001,7281592188_12165261072,395
5411679752,1720135697,Ring Road Utara,40.283,5411679752_1720135697,392
7687162295,1720197698,Jalan Padjajaran,13.992,7687162295_1720197698,392
1720197843,13447780753,Ring Road Utara,19.787,1720197843_13447780753,387
7713060105,7538108491,Bunderan Jombor,8.679,7713060105_7538108491,381
1720135785,2513645179,Ring Road Utara,21.737,1720135785_2513645179,378
1721446250,5610495445,Jalan Padjajaran,3.923,1721446250_5610495445,372
4670241355,9510330061,Jalan Palagan Tentara Pelajar,4.766,4670241355_9510330061,365
7669445714,1720321698,Jalan Magelang,7.708,7669445714_1720321698,363
1720197846,1720197847,Ring Road Utara,16.325,1720197846_1720197847,360
5411679734,9523663598,Ring Road Utara,38.956,5411679734_9523663598,348
5558133969,9526370313,Jalan Anggajaya 1,10.075,5558133969_9526370313,345
5530005394,7634566881,Jalan Affandi,10.377,5530005394_7634566881,338
9022125172,7687120473,Jalan Padjajaran,16.097,9022125172_7687120473,338
13713277377,4667313114,Jalan Ring Road Utara,15.583,13713277377_4667313114,336
3679639163,5601293681,Jalan Kabupaten,23.232,3679639163_5601293681,332
2138725537,5558739416,Jalan Pawiro Kuat,25.564,2138725537_5558739416,329
1720197605,1720197602,Jalan Siliwangi,32.822,1720197605_1720197602,327
7538042788,3661880062,Jalan Siliwangi,31.804,7538042788_3661880062,326
4989720727,8444648017,Jalan Palagan Tentara Pelajar,20.713,4989720727_8444648017,322
3608247407,7713060105,Bunderan Jombor,8.68,3608247407_7713060105,319
3669802789,3669802879,Jalan Nyi Tjondro Loekito,18.752,3669802789_3669802879,318
5608710350,7595379699,Ring Road Utara,16.38,5608710350_7595379699,317
7642222907,1720135479,Jalan Padjajaran,9.831,7642222907_1720135479,316
1390908540,1390908541,Jalan Seturan Raya,5.808,1390908540_1390908541,313
5563211091,8976653594,Jalan Pawiro Kuat,9.969,5563211091_8976653594,313
1460649219,6763210243,Jalan Kaliurang,4.934,1460649219_6763210243,312
3309295161,7537955042,Jalan Siliwangi,25.538,3309295161_7537955042,311
2138725537,7300990751,Jalan Pawiro Kuat,12.201,2138725537_7300990751,309
2552009128,6763210247,Jalan Kaliurang,8.742,2552009128_6763210247,309
4670241372,12513731136,Ring Road Utara,15.546,4670241372_12513731136,308
3661881778,13737613577,Jalan Nyi Tjondro Loekito,6.643,3661881778_13737613577,306
3608247421,1720197682,Bunderan Jombor,6.827,3608247421_1720197682,305
7538042785,7538042786,Jalan Siliwangi,31.962,7538042785_7538042786,305
7290326821,12414104316,Jalan Seturan Raya,4.276,7290326821_12414104316,304
8437425756,3309285561,Jalan Magelang,13.552,8437425756_3309285561,304
2138725533,5563211061,Jalan Pawiro Kuat,23.168,2138725533_5563211061,294
9570844387,5563376113,Ring Road Utara,11.212,9570844387_5563376113,289
1391280767,5555923910,Jalan Anggajaya 1,14.79,1391280767_5555923910,285
5610495452,9819785506,Jalan Padjajaran,15.998,5610495452_9819785506,272
5606290464,5606290466,Ring Road Utara,6.865,5606290464_5606290466,263
1720197608,1720197605,Jalan Siliwangi,34.16,1720197608_1720197605,262
6457482448,7676359425,Ring Road Utara,11.407,6457482448_7676359425,262
5610495452,5610495453,Jalan Seturan Raya,12.477,5610495452_5610495453,260
5610515353,1720135707,Ring Road Utara,17.449,5610515353_1720135707,258
1720135750,1720135765,Ring Road Utara,12.743,1720135750_1720135765,255
5563211091,8976653593,Jalan Pawiro Kuat,4.866,5563211091_8976653593,252
1390908541,1390908547,Jalan Seturan Raya,8.658,1390908541_1390908547,250
7713060110,7713060106,Bunderan Jombor,7.831,7713060110_7713060106,249
5199169685,5411679734,Ring Road Utara,17.137,5199169685_5411679734,246
1720197642,1720197636,Jalan Siliwangi,33.155,1720197642_1720197636,245
7290083811,7290083812,Jalan Seturan Raya,8.281,7290083811_7290083812,233
1720197602,13248032811,Jalan Siliwangi,17.664,1720197602_13248032811,232
13248032802,5604069573,Jalan Siliwangi,27.794,13248032802_5604069573,232
1720197616,1720197608,Jalan Siliwangi,31.515,1720197616_1720197608,229
1720272203,822593453,Jalan Padjajaran,8.772,1720272203_822593453,229
1720197636,1720197631,Jalan Siliwangi,30.839,1720197636_1720197631,226
3625423044,9153883727,Ring Road Utara,8.508,3625423044_9153883727,225
5563305286,5207808660,Ring Road Utara,4.42,5563305286_5207808660,225
3309284066,3608247421,Bunderan Jombor,6.827,3309284066_3608247421,224
1795102972,13073657375,Ring Road Utara,12.28,1795102972_13073657375,221
1720197622,1720197616,Jalan Siliwangi,33.489,1720197622_1720197616,216
7713060103,7713060110,Bunderan Jombor,7.838,7713060103_7713060110,215
1654232379,8444648017,Jalan Palagan Tentara Pelajar,11.824,1654232379_8444648017,213
7290326820,7290326821,Jalan Seturan Raya,5.701,7290326820_7290326821,213
1720135361,1720197635,Jalan Kabupaten,16.21,1720135361_1720197635,211
5558739622,8976653594,Jalan Pawiro Kuat,12.463,5558739622_8976653594,210
1391280742,3625610736,Jalan Anggajaya 1,8.504,1391280742_3625610736,209
2930657887,5601295054,Jalan Kabupaten,33.79,2930657887_5601295054,208
1720197635,10296080625,Jalan Siliwangi,19.42,1720197635_10296080625,201
4667313123,1720197635,Jalan Siliwangi,18.947,4667313123_1720197635,199
3625610738,9148168168,Jalan Anggajaya 1,5.061,3625610738_9148168168,197
1720197631,1720197627,Jalan Siliwangi,32.961,1720197631_1720197627,192
2537421966,3679640906,Jalan Kabupaten,30.348,2537421966_3679640906,191
1720135709,1720135711,Ring Road Utara,23.288,1720135709_1720135711,189
3662557260,5563211092,Jalan Pawiro Kuat,21.331,3662557260_5563211092,188
7713060106,3309283661,Bunderan Jombor,7.838,7713060106_3309283661,188
1720135361,4667313128,Jalan Kabupaten,10.324,1720135361_4667313128,186
9860326786,1720135513,Jalan Anggajaya 1,10.194,9860326786_1720135513,186
1391280742,5555923910,Jalan Anggajaya 1,11.511,1391280742_5555923910,185
1720135513,1720272207,Jalan Affandi,10.278,1720135513_1720272207,185
7537955043,7713060103,Bunderan Jombor,7.839,7537955043_7713060103,184
4670241354,13737613577,Jalan Nyi Tjondro Loekito,6.957,4670241354_13737613577,176
1390908531,1390908545,Jalan Seturan Raya,3.551,1390908531_1390908545,174
3608247409,3309290663,Bunderan Jombor,4.954,3608247409_3309290663,173
1390908531,1390908542,Jalan Seturan Raya,3.565,1390908531_1390908542,172
7538108491,1720197679,Bunderan Jombor,7.016,7538108491_1720197679,171
1720197682,7537955044,Bunderan Jombor,4.452,1720197682_7537955044,167
3608247394,3608247399,Bunderan Jombor,4.954,3608247394_3608247399,160
12513731136,7281592188,Ring Road Utara,8.07,12513731136_7281592188,158
822593453,1720135513,Jalan Padjajaran,11.576,822593453_1720135513,157
13248032811,1720197603,Jalan Siliwangi,15.8,13248032811_1720197603,152
3309283661,3608247394,Bunderan Jombor,4.958,3309283661_3608247394,150
5601295053,9838627860,Jalan Kabupaten,22.023,5601295053_9838627860,150
7595379699,7595379700,Ring Road Utara,11.526,7595379699_7595379700,150
3608247399,3608247410,Bunderan Jombor,4.958,3608247399_3608247410,149
1720135728,8461066324,Ring Road Utara,3.153,1720135728_8461066324,147
7537955044,3608247415,Bunderan Jombor,7.676,7537955044_3608247415,146
9148168168,7643344065,Jalan Anggajaya 1,4.585,9148168168_7643344065,141
1795103043,13713277383,Jalan Magelang,7.813,1795103043_13713277383,136
3608247412,3309284066,Bunderan Jombor,6.816,3608247412_3309284066,136
1720135513,9860343127,Jalan Padjajaran,8.905,1720135513_9860343127,135
1720135707,5199177295,Ring Road Utara,11.563,1720135707_5199177295,133
3671100381,12545957373,Jalan Palagan Tentara Pelajar,2.458,3671100381_12545957373,133
276915744,1720197726,Jalan Nyi Tjondroloekito,11.073,276915744_1720197726,130
1720197603,13248032805,Jalan Siliwangi,13.731,1720197603_13248032805,126
3608247410,10708124827,Bunderan Jombor,4.957,3608247410_10708124827,126
5199177295,1720135709,Ring Road Utara,10.698,5199177295_1720135709,126
3608247404,3608247407,Bunderan Jombor,8.681,3608247404_3608247407,124
3625610736,5558133999,Jalan Anggajaya 1,6.797,3625610736_5558133999,123
3625610738,7642533879,Jalan Anggajaya 1,3.85,3625610738_7642533879,123
5558739625,9528914443,Jalan Pawiro Kuat,12.419,5558739625_9528914443,120
4667313145,5603488182,Jalan Kabupaten,11.52,4667313145_5603488182,119
3309276661,1795103043,Jalan Magelang,15.485,3309276661_1795103043,115
5558133999,7642533879,Jalan Anggajaya 1,6.634,5558133999_7642533879,115
5563211092,7300990750,Jalan Pawiro Kuat,11.75,5563211092_7300990750,115
1720197664,3666612850,Jalan Siliwangi,14.671,1720197664_3666612850,114
5608710341,7676359428,Ring Road Utara,5.776,5608710341_7676359428,113
12165261072,4670241368,Ring Road Utara,5.357,12165261072_4670241368,112
3724087915,5377023530,Jalan Nyi Tjondro Loekito,4.068,3724087915_5377023530,111
12414104316,7290326822,Jalan Seturan Raya,4.058,12414104316_7290326822,108
5558133992,5558134016,Jalan Anggajaya 1,4.128,5558133992_5558134016,107
10708124827,3608247409,Bunderan Jombor,4.961,10708124827_3608247409,107
275864515,11100793647,Jalan Kaliurang,2.347,275864515_11100793647,105
2327949659,5603488163,Jalan Kabupaten,16.01,2327949659_5603488163,105
3608247408,3608247412,Bunderan Jombor,6.83,3608247408_3608247412,102
5555924747,9860326786,Jalan Anggajaya 1,3.367,5555924747_9860326786,101
1720197627,1720197622,Jalan Siliwangi,23.687,1720197627_1720197622,100
5601295054,11330915499,Jalan Kabupaten,7.19,5601295054_11330915499,98
1720197606,13248032813,Jalan Siliwangi,18.097,1720197606_13248032813,93
10705877968,12513731136,Jalan Kaliurang,7.91,10705877968_12513731136,93
3309276661,3608247404,Bunderan Jombor,8.688,3309276661_3608247404,91
1720197660,7538042785,Jalan Siliwangi,9.246,1720197660_7538042785,90
3661881858,3669802879,Jalan Nyi Tjondro Loekito,3.202,3661881858_3669802879,90
1720135536,9022132682,Jalan Padjajaran,4.171,1720135536_9022132682,85
4989720727,7113027319,Jalan Palagan Tentara Pelajar,5.461,4989720727_7113027319,85
1720135769,8461422022,Ring Road Utara,1.888,1720135769_8461422022,84
1720197679,3608247408,Bunderan Jombor,6.826,1720197679_3608247408,82
3309290663,3608247403,Bunderan Jombor,4.958,3309290663_3608247403,75
3608247415,7537955043,Bunderan Jombor,7.676,3608247415_7537955043,74
7538042786,1720197662,Jalan Siliwangi,8.237,7538042786_1720197662,73
9554047373,1795103002,Jalan Magelang,1.948,9554047373_1795103002,73
13248032805,13248032810,Jalan Siliwangi,10.162,13248032805_13248032810,73
7300990750,7300990751,Jalan Pawiro Kuat,5.751,7300990750_7300990751,72
13248032813,13248032803,Jalan Siliwangi,13.738,13248032813_13248032803,72
13248032810,1720197606,Jalan Siliwangi,10.658,13248032810_1720197606,71
1720135697,5199169685,Ring Road Utara,9.103,1720135697_5199169685,69
1720135752,3632597240,Ring Road Utara,3.48,1720135752_3632597240,69
7113027318,7113027319,Jalan Palagan Tentara Pelajar,4.249,7113027318_7113027319,69
1720197693,1720197696,Jalan Ring Road Utara,8.225,1720197693_1720197696,68
5601295038,9838627858,Jalan Kabupaten,27.474,5601295038_9838627858,68
3661572534,7687162295,Jalan Ring Road Utara,2.982,3661572534_7687162295,62
279077930,7690296592,Jalan Kabupaten,3.39,279077930_7690296592,61
5558739416,9528914443,Jalan Pawiro Kuat,7.994,5558739416_9528914443,61
1720197696,3661572534,Jalan Ring Road Utara,6.367,1720197696_3661572534,57
9838627858,9838627860,Jalan Kabupaten,13.785,9838627858_9838627860,57
4667313145,7690296598,Jalan Kabupaten,2.801,4667313145_7690296598,47
13447780753,1720197846,Ring Road Utara,4.057,13447780753_1720197846,47
3608247403,7537955042,Bunderan Jombor,4.953,3608247403_7537955042,39
1720197635,4667313127,Jalan Kabupaten,8.181,1720197635_4667313127,38
2513645179,1720135793,Ring Road Utara,12.18,2513645179_1720135793,37
1795103005,7281592187,Ring Road Utara,2.465,1795103005_7281592187,35
7281592187,1795102972,Ring Road Utara,1.362,7281592187_1795102972,28
7537955042,3309276661,Bunderan Jombor,4.366,7537955042_3309276661,28
5544339276,1720272177,Jalan Anggajaya 1,0.327,5544339276_1720272177,16
2882805684,7113027318,Jalan Palagan Tentara Pelajar,1.666,2882805684_7113027318,13
5608710351,5608710350,Ring Road Utara,0.949,5608710351_5608710350,8
9022132682,7654737763,Jalan Padjajaran,0.548,9022132682_7654737763,8
5558739622,5558739625,Jalan Pawiro Kuat,0.283,5558739622_5558739625,2
